"Model","ME","RSME","MAE","MPE","MAPE"
"nnetarExo",199.432933348217,410.859717395969,314.874848599369,3.79998543036474,6.60246220488803
"nnetarExo_sarimaxTemp",639.723351686379,911.313853834638,708.121837517638,10.463332250639,13.1141867452267
"arimaxFourierTemp_nnetarExo",612.462237155478,921.534808562151,744.3415022862,9.22285175577992,14.3744181776593
"nnetarExo_tbats",612.1411895187,951.164486422487,766.871477195891,8.87210769263257,14.8915700982995
"nn_nnetarExo",596.396248731559,949.019072115027,764.298894106101,8.40049447742096,14.9525956134918
