"Model","ME","RSME","MAE","MPE","MAPE"
"tbats",1024.84944568918,1641.74399885178,1340.11626365327,13.9442299549004,26.2834557840477
"nn_tbats",1009.10450490204,1637.41841615912,1339.05416889617,13.4726167396888,26.3893397746504
"arima_tbats",988.934452099621,1629.01348887334,1336.36455576784,12.9231664655073,26.4853784311372
"arima_nn_tbats",990.409489438048,1630.24104328456,1336.90706189159,12.9491121518306,26.4886602091759
"nn",993.359564114901,1634.64806160327,1337.99207413907,13.0010035244772,26.4952237652532
